,City,Country,Lat,Lng,Max Temp,Humidity,Cloudiness,Wind Speed,Current Description
0,Kenai,US,60.5544,-151.2583,44.15,97,100,10.36,light rain
1,Kavaratti,IN,10.5669,72.642,80.73,76,100,3.44,overcast clouds
2,Atuona,PF,-9.8,-139.0333,76.24,76,4,9.26,clear sky
3,Puerto Ayora,EC,-0.7393,-90.3518,75.16,84,89,10.0,overcast clouds
4,Mataura,NZ,-46.1927,168.8643,56.48,57,61,4.79,broken clouds
5,Punta Arenas,CL,-53.15,-70.9167,57.31,44,0,20.71,clear sky
6,Vaini,TO,-21.2,-175.2,78.96,89,75,4.61,broken clouds
7,Chuy,UY,-33.6971,-53.4616,58.41,93,100,19.13,overcast clouds
8,Busselton,AU,-33.65,115.3333,53.06,84,54,8.3,broken clouds
9,Avarua,CK,-21.2078,-159.775,80.65,65,75,10.36,broken clouds
10,Arraial Do Cabo,BR,-22.9661,-42.0278,73.26,78,0,16.11,clear sky
11,Jamestown,US,42.097,-79.2353,57.52,51,75,8.05,broken clouds
12,Turkistan,KZ,43.0,68.0,61.02,53,100,6.29,overcast clouds
13,Touho,NC,-20.7833,165.2333,74.46,66,14,9.57,few clouds
14,Hermanus,ZA,-34.4187,19.2345,61.81,89,5,5.66,light rain
15,Akyab,MM,20.15,92.9,78.33,86,100,2.21,overcast clouds
16,Saint George,US,37.1041,-113.5841,81.43,19,0,4.61,clear sky
17,Yellowknife,CA,62.456,-114.3525,35.96,61,97,18.52,overcast clouds
18,Tuktoyaktuk,CA,69.4541,-133.0374,26.19,87,100,26.02,light snow
19,Saskylakh,RU,71.9167,114.0833,17.87,91,65,15.77,broken clouds
20,San Jose,US,37.3394,-121.895,74.52,58,40,11.5,scattered clouds
21,Tiksi,RU,71.6872,128.8694,18.64,88,100,19.86,overcast clouds
22,Bathsheba,BB,13.2167,-59.5167,81.21,83,20,8.05,few clouds
23,Ola,RU,59.5833,151.2833,19.58,69,73,11.25,broken clouds
24,Grand-Santi,GF,4.25,-54.3833,81.5,58,83,3.06,broken clouds
25,Sao Filipe,CV,14.8961,-24.4956,77.23,75,42,10.69,scattered clouds
26,Ushuaia,AR,-54.8,-68.3,47.86,53,0,5.75,clear sky
27,Kibuye,RW,-2.0597,29.3482,64.62,84,96,0.49,light rain
28,Victoria,HK,22.2855,114.1577,81.32,46,100,24.0,overcast clouds
29,Bursa,TR,40.1667,29.0833,55.44,87,97,4.27,overcast clouds
30,Atasu,KZ,48.6814,71.6433,42.57,67,65,7.05,broken clouds
31,Albany,US,42.6001,-73.9662,57.61,69,51,2.3,broken clouds
32,Atar,MR,20.5169,-13.0499,91.67,19,7,4.23,clear sky
33,Teofilo Otoni,BR,-17.8575,-41.5053,74.86,52,62,8.19,broken clouds
34,Luwuk,ID,-0.9516,122.7875,77.86,84,68,2.26,broken clouds
35,Shimoda,JP,34.6667,138.95,67.1,88,100,3.6,overcast clouds
36,Klaksvik,FO,62.2266,-6.589,43.72,88,46,22.06,scattered clouds
37,Katsuura,JP,35.1333,140.3,68.02,90,100,7.16,light rain
38,Bilibino,RU,68.0546,166.4372,-9.63,99,85,2.75,overcast clouds
39,Felipe Carrillo Puerto,MX,19.5833,-88.05,83.1,77,68,5.66,light rain
40,Mar Del Plata,AR,-38.0023,-57.5575,55.94,88,0,11.99,clear sky
41,Pisco,PE,-13.7,-76.2167,64.45,72,0,21.85,clear sky
42,Sitka,US,57.0531,-135.33,60.69,77,75,9.22,broken clouds
43,Emerald,AU,-23.5333,148.1667,72.34,74,59,7.18,broken clouds
44,Bethel,US,41.3712,-73.414,61.63,68,0,0.0,clear sky
45,Hilo,US,19.7297,-155.09,95.29,77,100,10.36,overcast clouds
46,Portree,GB,57.4129,-6.1942,45.52,87,100,5.39,overcast clouds
47,Alofi,NU,-19.0595,-169.9187,77.4,78,26,16.71,scattered clouds
48,Buala,SB,-8.145,159.5921,83.75,71,57,6.87,light rain
49,Jumla,NP,29.2747,82.1838,45.21,67,0,5.44,clear sky
50,Nkhotakota,MW,-12.9274,34.2961,75.34,46,0,2.8,clear sky
51,Rosetta,EG,31.4044,30.4164,74.14,65,0,16.08,clear sky
52,Rikitea,PF,-23.1203,-134.9692,68.68,61,52,18.07,broken clouds
53,Tupik,RU,54.4253,119.9327,22.77,74,57,2.59,broken clouds
54,Mumford,GH,5.2618,-0.759,77.5,88,83,7.47,light rain
55,Narsaq,GL,60.9167,-46.05,34.02,71,10,6.62,clear sky
56,Hamilton,US,39.1834,-84.5333,70.77,39,75,13.8,broken clouds
57,Pecanha,BR,-18.5486,-42.5569,67.08,44,1,4.16,clear sky
58,Nome,US,64.5011,-165.4064,32.07,86,100,10.36,light snow
59,Bukama,CD,-9.2,25.85,72.82,74,15,4.27,few clouds
60,Galle,LK,6.0367,80.217,76.8,84,100,1.72,overcast clouds
61,Cayhagan,PH,9.6697,122.4256,78.67,84,100,6.11,light rain
62,Tecoanapa,MX,16.5167,-98.75,85.01,73,56,7.07,broken clouds
63,Otsuki,JP,35.6,138.9333,64.99,89,96,3.02,overcast clouds
64,Cayenne,GF,4.9333,-52.3333,82.44,74,0,3.44,clear sky
65,Ahipara,NZ,-35.1667,173.1667,63.46,75,88,7.65,overcast clouds
66,Ixtapa,MX,20.7,-105.2,87.22,66,100,10.36,overcast clouds
67,Lompoc,US,34.6391,-120.4579,78.01,73,40,14.97,scattered clouds
68,Hwange,ZW,-18.3693,26.5019,76.66,29,41,1.68,scattered clouds
69,Omsukchan,RU,62.5333,155.8,-6.32,99,31,2.04,scattered clouds
70,Camopi,GF,3.1655,-52.3158,80.91,62,92,3.56,overcast clouds
71,Hithadhoo,MV,-0.6,73.0833,80.73,67,100,9.26,overcast clouds
72,Ribeira Grande,PT,38.5167,-28.7,66.78,73,83,11.01,broken clouds
73,Necochea,AR,-38.5473,-58.7368,55.74,63,66,12.48,broken clouds
74,Mabopane,ZA,-25.4977,28.1007,70.66,49,76,5.7,broken clouds
75,Changuinola,PA,9.4333,-82.5167,80.71,82,100,3.76,light rain
76,Castro,BR,-24.7911,-50.0119,60.82,93,91,0.4,overcast clouds
77,Presidente Medici,BR,-11.1753,-61.9014,80.46,67,68,1.39,heavy intensity rain
78,Melilla,ES,35.2937,-2.9383,73.78,73,0,16.11,clear sky
79,Jiuquan,CN,39.7432,98.5174,40.21,30,67,3.51,broken clouds
80,Dikson,RU,73.5069,80.5464,28.15,94,100,8.32,overcast clouds
81,Tromso,NO,69.6496,18.957,38.37,100,20,2.3,few clouds
82,Cape Town,ZA,-33.9258,18.4232,66.11,87,0,5.01,clear sky
83,Verkhniy Mamon,RU,50.1635,40.3832,39.7,69,0,4.63,clear sky
84,Cardoso,BR,-20.0819,-49.9142,86.74,31,70,1.41,broken clouds
85,New Norfolk,AU,-42.7826,147.0587,51.93,66,95,1.01,overcast clouds
86,Bajram Curri,AL,42.3554,20.0784,56.3,76,21,3.67,few clouds
87,Iqaluit,CA,63.7506,-68.5145,37.13,100,75,20.71,mist
88,Matara,LK,5.9485,80.5353,75.72,88,99,4.47,moderate rain
89,Stanghelle,NO,60.5528,5.7357,50.63,96,92,5.23,light rain
90,Namibe,AO,-15.1961,12.1522,68.52,85,80,4.32,broken clouds
91,Ponta Do Sol,PT,32.6667,-17.1,72.23,76,51,2.44,broken clouds
92,Mahebourg,MU,-20.4081,57.7,71.89,83,40,8.05,scattered clouds
93,Port Alfred,ZA,-33.5906,26.891,63.18,94,100,1.01,overcast clouds
94,Poyarkovo,RU,49.6,128.6833,36.03,80,100,14.25,overcast clouds
95,Makiyivka,UA,48.0478,37.9258,44.2,55,6,7.61,clear sky
96,Gubbio,IT,43.3545,12.5725,58.51,85,96,1.74,overcast clouds
97,Khatanga,RU,71.9667,102.5,15.42,96,100,7.7,overcast clouds
98,East London,ZA,-33.0153,27.9116,66.22,91,100,13.58,overcast clouds
99,Natchitoches,US,31.7668,-93.1335,81.45,61,0,0.0,clear sky
100,Barrow,US,71.2906,-156.7887,30.22,80,100,23.02,overcast clouds
101,Davila,PH,18.4726,120.5763,76.98,79,100,11.3,overcast clouds
102,Churachandpur,IN,24.3333,93.6667,62.47,99,12,0.4,few clouds
103,Tuatapere,NZ,-46.1333,167.6833,53.85,53,70,2.57,broken clouds
104,Paragominas,BR,-2.9667,-47.4833,76.82,80,90,3.78,overcast clouds
105,Cherskiy,RU,68.75,161.3,1.42,98,94,6.6,overcast clouds
106,Itoman,JP,26.1247,127.6694,81.37,79,75,9.22,light rain
107,Butaritari,KI,3.0707,172.7902,81.55,70,72,16.49,broken clouds
108,Saint-Philippe,RE,-21.3585,55.7679,69.39,83,19,6.33,few clouds
109,Lebu,CL,-37.6167,-73.65,53.06,87,73,14.43,broken clouds
110,Hobart,AU,-42.8794,147.3294,53.06,71,75,9.22,broken clouds
111,Coahuayana,MX,18.7333,-103.6833,86.02,71,88,4.7,overcast clouds
112,Iquique,CL,-20.2208,-70.1431,60.84,69,30,5.03,scattered clouds
113,Turochak,RU,52.2576,87.1224,44.85,63,100,2.1,overcast clouds
114,Clyde River,CA,70.4692,-68.5914,34.03,80,75,16.11,broken clouds
115,Svetlaya,RU,46.5389,138.3297,45.7,68,100,5.06,overcast clouds
116,Sal Rei,CV,16.1833,-22.9167,76.77,75,27,13.38,scattered clouds
117,Teguldet,RU,57.3064,88.1667,34.97,82,93,3.62,overcast clouds
118,Carnarvon,AU,-24.8667,113.6333,63.57,64,24,18.39,few clouds
119,Severo-Kurilsk,RU,50.6789,156.125,44.58,67,100,9.46,overcast clouds
120,Pachino,IT,36.7186,15.0907,68.99,71,37,1.05,scattered clouds
121,Saldanha,ZA,-33.0117,17.9442,60.84,90,0,4.41,clear sky
122,Fukue,JP,32.6881,128.8419,70.09,69,100,13.02,overcast clouds
123,Beringovskiy,RU,63.05,179.3167,24.76,69,99,15.77,overcast clouds
124,College,US,64.8569,-147.8028,40.98,71,20,4.61,few clouds
125,Provideniya,RU,64.3833,-173.3,30.36,74,100,20.13,overcast clouds
126,Georgetown,MY,5.4112,100.3354,76.95,90,20,2.3,few clouds
127,Sabang,ID,5.8933,95.3214,80.87,76,100,19.84,overcast clouds
128,Baykit,RU,61.67,96.37,29.34,81,100,2.62,overcast clouds
129,Torbay,CA,47.6666,-52.7314,53.58,87,100,14.97,overcast clouds
130,Samarai,PG,-10.6167,150.6667,81.45,80,51,11.32,broken clouds
131,Abu Dhabi,AE,24.4667,54.3667,86.02,74,0,4.61,clear sky
132,Corvallis,US,44.5646,-123.262,76.1,52,0,6.91,clear sky
133,Bluff,NZ,-46.6,168.3333,56.8,63,79,15.21,broken clouds
134,Poronaysk,RU,49.2167,143.1167,44.56,62,100,8.7,overcast clouds
135,Smidovich,RU,48.6,133.8167,36.45,72,95,5.44,overcast clouds
136,Tazovskiy,RU,67.4667,78.7,33.35,99,100,4.05,overcast clouds
137,Vestmannaeyjar,IS,63.4427,-20.2734,40.17,70,15,12.91,few clouds
138,Port Elizabeth,ZA,-33.918,25.5701,70.11,95,100,2.3,overcast clouds
139,Sarankhola,BD,22.3082,89.7897,71.42,81,65,4.54,broken clouds
140,La Reforma,MX,25.0833,-108.05,83.5,57,11,10.65,few clouds
141,Malakal,SS,9.5334,31.6605,72.61,92,100,2.55,light rain
142,Ardakan,IR,32.31,54.0175,71.76,15,0,4.16,clear sky
143,Fort Nelson,CA,58.8053,-122.7002,47.79,43,20,0.0,few clouds
144,Hofn,IS,64.2539,-15.2082,42.49,80,6,19.46,clear sky
145,Kruisfontein,ZA,-34.0033,24.7314,68.88,68,99,6.55,overcast clouds
146,Borovoy,RU,55.4333,86.0833,42.08,56,0,6.71,clear sky
147,Esperance,AU,-33.8667,121.9,58.19,80,100,20.49,light rain
148,Thompson,CA,55.7435,-97.8558,30.36,55,20,10.36,few clouds
149,Coihaique,CL,-45.5752,-72.0662,70.41,35,20,6.91,few clouds
150,Longyearbyen,SJ,78.2186,15.6401,22.84,80,0,11.5,clear sky
151,Kapaa,US,22.0752,-159.319,84.52,62,20,12.66,few clouds
152,Asau,RO,46.4333,26.4,34.72,76,5,2.89,clear sky
153,Madingou,CG,-4.1536,13.55,76.21,87,17,2.68,light rain
154,Tonj,SS,7.2737,28.6822,68.94,95,100,6.64,overcast clouds
155,Tambau,BR,-21.705,-47.2744,79.47,51,88,2.89,overcast clouds
156,Mindelo,CV,16.8901,-24.9804,76.55,69,20,11.5,few clouds
157,Luderitz,NA,-26.6481,15.1594,59.94,85,0,8.23,clear sky
158,Cururupu,BR,-1.8283,-44.8683,77.23,83,37,4.14,scattered clouds
159,Nanortalik,GL,60.1432,-45.2371,35.37,74,3,10.04,clear sky
160,Srednekolymsk,RU,67.45,153.6833,-0.74,98,35,2.84,scattered clouds
161,Celestun,MX,20.8667,-90.4,83.68,76,38,14.18,scattered clouds
162,Mitchell,US,43.7094,-98.0298,48.18,35,0,16.11,clear sky
163,Bengkulu,ID,-3.8004,102.2655,75.16,89,100,2.93,overcast clouds
164,Lira,UG,2.235,32.9097,63.28,97,100,4.54,moderate rain
165,Souillac,MU,-20.5167,57.5167,71.98,83,40,8.05,scattered clouds
166,Kodiak,US,57.79,-152.4072,51.31,71,100,10.36,overcast clouds
167,Rawson,AR,-43.3002,-65.1023,49.71,80,47,13.58,scattered clouds
168,Eyl,SO,7.9803,49.8164,77.81,85,41,8.25,light rain
169,Cabo San Lucas,MX,22.8909,-109.9124,87.1,51,20,13.8,few clouds
170,Yaan,NG,7.3833,8.5667,74.95,81,92,4.92,overcast clouds
171,Muriwai Beach,NZ,-36.8167,174.45,66.96,64,46,10.69,scattered clouds
172,Hami,CN,42.8,93.45,51.85,25,1,1.57,clear sky
173,Barra Velha,BR,-26.6322,-48.6847,75.09,96,72,3.33,broken clouds
174,Puerto Madryn,AR,-42.7692,-65.0385,52.9,71,60,15.5,broken clouds
175,Paamiut,GL,61.994,-49.6678,36.14,72,100,11.3,overcast clouds
176,Camacha,PT,33.0833,-16.3333,65.62,77,20,2.3,few clouds
177,Krasnovishersk,RU,60.4078,57.082,41.0,97,100,2.89,light rain
178,Clarence Town,AU,-32.5833,151.7833,66.94,91,83,4.81,broken clouds
179,Lagoa,PT,39.05,-27.9833,65.79,64,51,25.05,light rain
180,San Juan,AR,-31.5375,-68.5364,80.02,14,7,6.64,clear sky
181,Faanui,PF,-16.4833,-151.75,78.89,67,10,14.76,clear sky
182,Bambous Virieux,MU,-20.3428,57.7575,71.85,83,40,8.05,scattered clouds
183,Hede,CN,33.7681,120.2517,59.18,52,22,15.61,few clouds
184,Beloha,MG,-25.1667,45.05,65.8,90,7,4.65,clear sky
185,Acarau,BR,-2.8856,-40.12,79.54,76,1,20.13,clear sky
186,Pangnirtung,CA,66.1451,-65.7125,42.66,95,100,7.87,light rain
187,Surman,LY,32.7567,12.5716,73.69,66,86,8.79,overcast clouds
188,Port Augusta,AU,-32.5,137.7667,65.12,47,2,12.46,clear sky
189,Ankang,CN,32.68,109.0172,54.25,62,44,1.3,scattered clouds
190,Bredasdorp,ZA,-34.5322,20.0403,61.43,87,10,6.35,light rain
191,Aquiraz,BR,-3.9014,-38.3911,81.18,82,5,14.05,clear sky
192,Pauini,BR,-7.7136,-66.9764,77.36,93,95,0.25,overcast clouds
193,Hasaki,JP,35.7333,140.8333,70.2,90,100,7.16,overcast clouds
194,Dutlwe,BW,-23.9833,23.9,71.42,55,100,11.56,overcast clouds
195,Caceres,ES,39.522,-6.3748,66.7,59,100,3.49,overcast clouds
196,Pitimbu,BR,-7.4706,-34.8086,77.59,82,27,10.89,scattered clouds
197,Isangel,VU,-19.55,169.2667,78.46,65,4,7.76,clear sky
198,Dingle,PH,10.9995,122.6711,77.11,89,100,6.42,overcast clouds
199,Lagos,NG,6.5833,3.75,77.05,89,92,2.77,overcast clouds
200,Kukushtan,RU,57.6464,56.4952,42.42,87,100,7.2,overcast clouds
201,Messina,IT,38.1933,15.5497,67.19,78,0,6.91,clear sky
202,Kapit,MY,2.0167,112.9333,72.84,100,87,0.96,overcast clouds
203,Sao Joao Da Barra,BR,-21.6403,-41.0511,73.49,83,84,10.45,broken clouds
204,Divnomorskoye,RU,44.5011,38.1353,56.8,86,100,10.4,overcast clouds
205,Broken Hill,AU,-31.95,141.4333,61.12,49,0,13.38,clear sky
206,Porto-Vecchio,FR,41.591,9.2795,65.86,82,0,8.05,clear sky
207,Tasiilaq,GL,65.6145,-37.6368,30.36,62,74,7.47,broken clouds
208,Gizo,SB,-8.103,156.8419,83.55,73,42,8.88,scattered clouds
209,Sampit,ID,-2.5333,112.95,75.0,98,100,1.23,light rain
210,Marawi,PH,7.9986,124.2928,69.57,88,91,3.51,overcast clouds
211,Fomboni,KM,-12.28,43.7425,76.19,75,0,5.93,clear sky
212,Kaitangata,NZ,-46.2817,169.8464,55.67,52,35,6.26,scattered clouds
213,Beyneu,KZ,45.3167,55.2,49.69,46,61,6.24,broken clouds
214,Aklavik,CA,68.2191,-135.0107,26.67,84,100,10.18,overcast clouds
215,Loa Janan,ID,-0.583,117.095,74.21,96,100,1.88,overcast clouds
216,Mehamn,NO,71.0357,27.8492,42.75,93,75,5.75,broken clouds
217,Kavieng,PG,-2.5744,150.7967,83.21,76,100,12.57,light rain
218,Bekhtery,UA,46.251,32.2927,49.48,77,0,8.19,clear sky
219,Port-Gentil,GA,-0.7193,8.7815,78.76,89,40,8.05,scattered clouds
220,Saint-Augustin,CA,51.226,-58.6502,52.05,73,100,8.99,overcast clouds
221,Anito,PH,12.4497,125.2886,77.9,91,100,5.66,heavy intensity rain
222,West Bay,KY,19.3667,-81.4167,85.06,82,20,2.3,few clouds
223,Salur,IN,18.5333,83.2167,73.49,92,24,2.48,few clouds
224,Coruripe,BR,-10.1256,-36.1756,74.17,79,18,8.1,few clouds
225,Kushiro,JP,42.975,144.3747,56.35,100,75,3.44,moderate rain
226,Wolmirstedt,DE,52.25,11.6333,54.9,74,86,4.72,overcast clouds
227,Hambantota,LK,6.1241,81.1185,77.32,82,86,10.31,overcast clouds
228,Ilulissat,GL,69.2167,-51.1,42.82,52,75,9.22,light intensity drizzle
229,Zambezi,ZM,-13.5432,23.1047,66.49,25,11,4.65,few clouds
230,Biu,NG,10.6129,12.1946,72.88,37,43,1.39,scattered clouds
231,Kristiinankaupunki,FI,62.2743,21.376,47.3,92,100,8.52,overcast clouds
232,Xacmaz,AZ,41.4635,48.806,60.51,78,100,0.56,overcast clouds
233,Weihe,CN,32.9952,105.3247,50.58,45,99,4.34,overcast clouds
234,Ust-Maya,RU,60.4167,134.5333,21.15,94,99,4.59,light snow
235,Manzanillo,CU,20.3433,-77.1167,83.21,71,41,8.72,light rain
236,Chokurdakh,RU,70.6333,147.9167,13.35,88,99,11.56,overcast clouds
237,Karratha,AU,-20.7377,116.8463,70.34,41,2,14.05,clear sky
238,Qaanaaq,GL,77.484,-69.3632,22.32,90,97,6.76,overcast clouds
239,Tessalit,ML,20.1986,1.0114,84.58,13,63,12.19,broken clouds
240,Bam,IR,29.106,58.357,74.3,12,0,8.77,clear sky
241,Coquimbo,CL,-29.9533,-71.3436,56.93,82,40,9.22,scattered clouds
242,Clearlake,US,38.9582,-122.6264,72.36,53,0,4.88,clear sky
243,Menongue,AO,-14.6585,17.691,66.63,68,96,7.58,overcast clouds
244,Kaduna,NG,10.5222,7.4383,71.42,42,100,3.4,overcast clouds
245,Acapulco,MX,16.8634,-99.8901,85.82,74,75,8.05,broken clouds
246,Codrington,AU,-38.2667,141.9667,47.95,82,53,5.21,broken clouds
247,Saint-Louis,SN,16.3333,-15.0,93.18,25,4,8.28,clear sky
248,Lasa,IT,46.6166,10.7002,59.88,92,35,1.92,scattered clouds
249,Hounde,BF,11.5,-3.5167,80.04,56,20,5.61,few clouds
250,Bonavista,CA,48.6499,-53.1147,52.14,82,100,13.58,overcast clouds
251,Songling,CN,31.1933,120.7176,60.49,93,3,7.29,clear sky
252,Waitati,NZ,-45.75,170.5667,55.8,65,100,4.65,overcast clouds
253,Olden,NO,61.8364,6.8064,47.12,99,100,7.23,light rain
254,Hokitika,NZ,-42.7167,170.9667,56.48,73,5,6.73,clear sky
255,Olafsvik,IS,64.8945,-23.7142,36.9,77,49,16.26,scattered clouds
256,Price,US,39.5994,-110.8107,70.12,15,0,13.8,clear sky
257,Harper,LR,4.375,-7.7169,76.37,84,95,5.35,overcast clouds
258,Mahibadhoo,MV,3.7833,72.9667,80.35,77,100,18.81,overcast clouds
259,The Valley,AI,18.217,-63.0578,82.81,83,20,4.61,few clouds
260,Dwarka,IN,22.2394,68.9678,81.52,59,65,4.52,broken clouds
261,Kihei,US,20.785,-156.4656,87.82,63,0,21.85,clear sky
262,Upata,VE,8.0086,-62.3989,76.89,75,100,3.18,overcast clouds
263,Vila Velha,BR,-20.3297,-40.2925,73.94,80,20,4.61,few clouds
264,Bandarbeyla,SO,9.4942,50.8122,77.13,85,4,4.05,clear sky
265,Vicente Guerrero,MX,19.1194,-98.1708,72.79,53,51,7.81,broken clouds
266,Machali,CL,-34.1833,-70.6667,76.28,31,0,10.36,clear sky
267,Lavrentiya,RU,65.5833,-171.0,31.5,76,100,25.14,overcast clouds
268,Meulaboh,ID,4.1363,96.1285,75.47,81,100,2.35,overcast clouds
269,Mushie,CD,-3.0167,16.9,73.4,88,54,3.49,broken clouds
270,Salinas,US,36.6777,-121.6555,69.89,60,0,8.05,clear sky
271,Khorixas,NA,-20.3667,14.9667,66.09,60,34,1.23,scattered clouds
272,Hushitai,CN,41.9322,123.5114,30.11,56,0,5.82,clear sky
273,Alyangula,AU,-13.8483,136.4192,82.71,70,67,8.25,broken clouds
274,Hualmay,PE,-11.0964,-77.6139,64.98,75,37,12.01,scattered clouds
275,Tezu,IN,27.9167,96.1667,67.73,47,0,4.81,clear sky
276,Kinna,SE,57.5073,12.6946,51.48,84,80,12.59,broken clouds
277,Aldan,RU,58.6031,125.3894,20.73,96,100,4.0,light snow
278,Neryungri,RU,56.6709,124.6491,19.27,94,100,6.71,overcast clouds
279,Yankton,US,42.8711,-97.3973,50.11,37,0,19.57,clear sky
280,Labuhan,ID,-6.8844,112.2051,78.49,81,99,13.04,light rain
281,Ancud,CL,-41.8697,-73.8203,64.22,79,95,4.61,overcast clouds
282,Siocon,PH,7.7061,122.1353,79.14,86,92,3.31,overcast clouds
283,Hervey Bay,AU,-25.2986,152.8535,68.02,86,90,14.0,light rain
284,Hailar,CN,49.2,119.7,25.68,61,2,7.76,clear sky
285,Alugan,PH,12.2188,125.4808,78.24,88,100,4.99,heavy intensity rain
286,Lagunas,PE,-5.2269,-75.6753,83.01,64,100,2.1,overcast clouds
287,Kutum,SD,14.2,24.6667,76.03,21,6,12.46,clear sky
288,High Rock,BS,26.6208,-78.2833,82.42,63,0,14.29,clear sky
289,Algiers,DZ,36.7525,3.042,67.82,88,100,2.3,overcast clouds
290,Flinders,AU,-34.5833,150.8552,63.18,74,94,5.99,overcast clouds
291,Wukari,NG,7.85,9.7833,75.99,78,88,4.43,overcast clouds
292,Mount Gambier,AU,-37.8333,140.7667,47.75,83,59,4.21,broken clouds
293,Carahue,CL,-38.7,-73.1667,56.71,75,55,4.79,broken clouds
294,Hanna,CA,51.6334,-111.9018,63.86,35,42,5.01,scattered clouds
295,Clovis,US,36.8252,-119.7029,82.47,46,20,3.44,few clouds
296,Novo Aripuana,BR,-5.1206,-60.3797,78.94,79,100,1.45,overcast clouds
297,Grabouw,ZA,-34.1515,19.0151,62.47,88,8,4.85,light rain
298,Kalemie,CD,-5.9475,29.1947,69.62,85,55,8.88,broken clouds
299,Manokwari,ID,-0.8667,134.0833,80.13,73,88,3.15,overcast clouds
300,Terrace,CA,54.5163,-128.6035,66.11,63,0,10.36,clear sky
301,Alice Springs,AU,-23.7,133.8833,74.75,60,4,11.5,clear sky
302,Sai Buri,TH,6.7013,101.6168,76.71,93,100,6.38,overcast clouds
303,Norman Wells,CA,65.282,-126.8329,33.84,86,100,16.11,smoke
304,Carlsbad,US,33.1581,-117.3506,76.77,77,100,11.99,overcast clouds
305,Kazanskoye,RU,55.6448,69.235,40.78,89,82,8.9,broken clouds
306,Along,IN,28.1667,94.7667,60.62,70,1,1.97,clear sky
307,Shubarkuduk,KZ,49.1447,56.4872,41.74,71,26,6.46,scattered clouds
308,Sayat,TM,38.7839,63.8803,58.87,29,49,7.67,scattered clouds
309,Taunggyi,MM,20.7833,97.0333,58.57,93,37,2.01,scattered clouds
310,Guerrero Negro,MX,27.9769,-114.0611,73.94,55,6,14.56,clear sky
311,Kalmunai,LK,7.4167,81.8167,76.69,87,99,3.76,overcast clouds
312,Raja Jang,PK,31.2208,74.2519,71.73,31,0,4.18,clear sky
313,Mbandaka,CD,0.0487,18.2603,72.23,89,35,1.19,scattered clouds
314,Fremont,US,37.5483,-121.9886,74.37,64,100,11.5,overcast clouds
315,Shadrinsk,RU,56.0852,63.6335,38.57,83,53,10.22,broken clouds
316,Tautira,PF,-17.7333,-149.15,77.07,75,5,13.4,clear sky
317,Goundam,ML,16.4145,-3.6708,91.67,13,49,7.63,scattered clouds
318,Kirakira,SB,-10.4544,161.9205,84.33,68,97,8.59,overcast clouds
319,Seoul,KR,37.5683,126.9778,52.99,53,0,10.36,clear sky
320,Longfeng,CN,46.55,125.1167,33.93,64,10,10.74,clear sky
321,Iquitos,PE,-3.7481,-73.2472,77.04,83,75,2.3,broken clouds
322,Mielec,PL,50.2871,21.4239,55.74,85,43,5.75,scattered clouds
323,Kokoda,PG,-8.8785,147.7407,80.6,81,97,2.42,overcast clouds
324,Uthal,PK,25.8072,66.6219,79.72,45,0,2.55,clear sky
325,Arlit,NE,18.7369,7.3853,87.3,17,0,11.86,clear sky
326,Morant Bay,JM,17.8815,-76.4093,85.62,77,24,9.93,few clouds
327,Panzhihua,CN,26.5851,101.7128,60.08,85,100,1.95,overcast clouds
328,Nikolskoye,RU,59.7035,30.7861,53.49,92,100,12.93,moderate rain
329,Khuzhir,RU,53.1939,107.3397,35.19,64,23,5.77,few clouds
330,Tanta,EG,30.7885,31.0019,70.0,74,0,8.66,clear sky
331,Ust-Kuyga,RU,70.0167,135.6,10.51,99,99,5.59,overcast clouds
332,Margate,GB,51.3813,1.3862,60.69,92,100,4.0,overcast clouds
333,Constitucion,CL,-35.3333,-72.4167,56.48,77,48,16.4,scattered clouds
334,Airai,TL,-8.9266,125.4092,62.64,67,71,2.28,broken clouds
335,Arman,RU,59.7,150.1667,19.49,63,88,9.42,overcast clouds
336,Gat,IL,31.61,34.7642,75.4,59,0,4.83,clear sky
337,Changji,CN,44.0167,87.3167,50.79,40,0,2.24,clear sky
338,Baruun-Urt,MN,46.6806,113.2792,22.06,53,2,7.36,clear sky
339,Taoudenni,ML,22.6783,-3.9836,91.18,13,99,11.34,overcast clouds
340,Inuvik,CA,68.3499,-133.7218,29.16,93,100,10.36,overcast clouds
341,Vila Franca Do Campo,PT,37.7167,-25.4333,66.61,71,86,8.19,light rain
342,Pangkalanbuun,ID,-2.6833,111.6167,74.61,98,100,0.29,light rain
343,Balkhash,KZ,46.844,74.9804,50.76,56,100,10.27,overcast clouds
344,Aykhal,RU,66.0,111.5,14.67,99,96,3.22,overcast clouds
345,Miandrivazo,MG,-19.5167,45.4667,76.15,75,28,2.86,scattered clouds
346,San Cristobal,VE,7.7669,-72.225,78.98,83,54,3.69,light rain
347,Mocoa,CO,1.1493,-76.6466,75.54,95,99,0.25,overcast clouds
348,Upernavik,GL,72.7868,-56.1549,35.38,96,100,10.07,moderate rain
349,Port Blair,IN,11.6667,92.75,78.89,82,100,3.31,overcast clouds
350,Mutum,BR,-19.8,-41.4383,73.58,57,28,5.5,scattered clouds
351,Polson,US,47.6936,-114.1632,66.72,50,10,1.57,clear sky
352,Marsh Harbour,BS,26.5412,-77.0636,80.26,64,1,15.08,clear sky
353,Umm Kaddadah,SD,13.6017,26.6876,85.19,17,23,12.68,few clouds
354,Korla,CN,41.7597,86.1469,52.88,27,0,1.52,clear sky
355,Lambarene,GA,-0.7001,10.2406,73.44,93,66,1.28,broken clouds
356,Gewane,ET,10.1664,40.6453,81.59,37,1,5.5,clear sky
357,Qaqortoq,GL,60.7167,-46.0333,30.94,65,7,6.49,clear sky
358,Lixourion,GR,38.2019,20.4314,67.42,63,5,5.3,clear sky
359,Geraldton,AU,-28.7667,114.6,54.01,87,75,4.61,broken clouds
360,Bontang,ID,0.1333,117.5,76.73,89,98,4.09,overcast clouds
361,Muravlenko,RU,63.7898,74.523,37.99,86,100,2.17,overcast clouds
362,Svetlyy,RU,54.675,20.1347,55.96,88,1,11.14,clear sky
363,Noyabrsk,RU,63.1994,75.4507,38.59,95,100,3.44,overcast clouds
364,Leningradskiy,RU,69.3833,178.4167,15.06,91,100,7.7,overcast clouds
365,San Carlos De Bariloche,AR,-41.1456,-71.3082,65.44,38,40,20.71,scattered clouds
366,Japura,ID,-0.3167,102.35,73.04,99,100,2.71,light rain
367,Praia Da Vitoria,PT,38.7333,-27.0667,64.65,68,75,19.46,light intensity shower rain
368,Andenes,NO,69.3143,16.1194,43.93,87,75,8.05,broken clouds
369,Conde,BR,-7.2597,-34.9075,76.46,88,40,5.75,scattered clouds
370,Caravelas,BR,-17.7125,-39.2481,73.35,78,5,6.98,clear sky
371,Montevideo,UY,-34.8335,-56.1674,59.02,78,40,15.01,scattered clouds
372,Yumbe,UG,3.4651,31.2469,65.08,92,100,4.07,light rain
373,Launceston,AU,-41.45,147.1667,52.81,71,72,8.05,broken clouds
374,Ewo,CG,-0.8725,14.8206,71.64,92,77,2.64,broken clouds
375,Ayagoz,KZ,47.9714,80.4392,50.11,38,99,8.93,overcast clouds
376,Comodoro Rivadavia,AR,-45.8667,-67.5,49.86,76,0,11.5,clear sky
377,Smithers,CA,54.7804,-127.1743,66.52,45,0,2.3,clear sky
378,Adrar,MR,20.5022,-10.0711,91.49,22,50,6.89,scattered clouds
379,Ponta Delgada,PT,37.7333,-25.6667,66.92,55,40,16.11,scattered clouds
380,Puerto Escondido,MX,15.85,-97.0667,86.83,54,75,6.91,thunderstorm
381,Chapais,CA,49.7834,-74.8492,40.78,73,100,4.29,overcast clouds
382,San Fernando,PH,15.0286,120.6898,78.53,91,100,3.15,overcast clouds
383,Paka,MY,4.6374,103.4368,75.13,100,99,0.0,overcast clouds
384,Ahuimanu,US,21.4447,-157.8378,85.71,66,40,13.8,scattered clouds
385,Tommot,RU,58.9564,126.2925,24.44,95,100,5.3,light snow
386,Cam Ranh,VN,11.9214,109.1591,76.96,88,75,4.61,broken clouds
387,Dharchula,IN,29.85,80.5333,58.53,47,0,6.69,clear sky
388,Ketchikan,US,55.3422,-131.6461,64.87,72,0,8.05,clear sky
389,Beibei,CN,29.8256,106.4339,65.37,64,37,0.27,scattered clouds
390,Kurilsk,RU,45.2333,147.8833,54.82,91,100,13.31,overcast clouds
391,Tabou,CI,4.423,-7.3528,76.17,84,85,4.97,overcast clouds
392,Palmer,US,42.1584,-72.3287,60.35,66,40,0.0,scattered clouds
393,Kushmurun,KZ,52.4503,64.6311,44.64,72,98,9.62,overcast clouds
394,Yagodnoye,RU,62.55,149.6667,-8.99,98,14,3.42,few clouds
395,Bang Saphan,TH,11.2126,99.5117,72.88,86,78,7.29,broken clouds
396,Nelson Bay,AU,-32.7167,152.15,66.25,82,26,5.99,scattered clouds
397,Moses Lake,US,47.1301,-119.2781,80.89,21,0,4.61,clear sky
398,Saint Anthony,US,45.0205,-93.218,44.8,53,100,23.02,overcast clouds
399,Chimoio,MZ,-19.1164,33.4833,66.06,94,40,1.88,scattered clouds
400,Vostok,RU,46.4856,135.8833,31.5,84,48,4.21,scattered clouds
401,Cabra,ES,37.4725,-4.4421,73.36,35,100,8.39,light rain
402,San Joaquin,US,37.9333,-121.3011,75.27,50,0,11.5,clear sky
403,Mae Hong Son,TH,19.3003,97.9685,71.74,94,40,0.0,mist
404,Kindia,GN,10.0569,-12.8658,69.73,99,100,1.72,moderate rain
405,Contamana,PE,-7.3333,-75.0167,89.51,45,67,3.0,broken clouds
406,Portland,US,45.5234,-122.6762,88.52,32,20,9.22,smoke
407,West Wendover,US,40.7391,-114.0733,66.49,24,0,7.38,clear sky
408,Katunino,RU,64.3862,40.6298,48.09,90,98,10.13,light rain
409,Goragorskiy,RU,43.5031,45.0792,50.68,93,100,7.14,overcast clouds
410,Medvezhyegorsk,RU,62.9167,34.4667,49.3,94,100,10.92,light rain
411,Shiyan,CN,32.6475,110.7781,54.9,49,5,1.41,clear sky
412,Ati,TD,13.2154,18.3353,89.28,19,2,8.34,clear sky
413,Asfi,MA,32.2994,-9.2372,71.22,73,0,2.71,clear sky
414,Vangaindrano,MG,-23.35,47.6,66.31,90,0,3.38,clear sky
415,Esperantina,BR,-3.9017,-42.2336,85.06,56,94,10.89,overcast clouds
416,Kieta,PG,-6.2167,155.6333,82.9,73,84,2.57,broken clouds
417,Grand Gaube,MU,-20.0064,57.6608,72.0,78,13,1.99,few clouds
418,Rio Gallegos,AR,-51.6226,-69.2181,64.45,32,0,17.27,clear sky
419,Sistranda,NO,63.7256,8.834,42.76,78,99,13.67,overcast clouds
420,Thornbury,GB,52.2333,-2.55,60.01,96,100,13.62,overcast clouds
421,Cozumel,MX,20.5083,-86.9458,87.87,77,40,8.01,scattered clouds
422,Halifax,CA,44.6453,-63.5724,64.69,90,100,4.61,overcast clouds
423,Sinjar,IQ,36.3209,41.8754,74.61,25,24,4.18,few clouds
424,Invermere,CA,50.5167,-116.0354,66.36,31,16,1.7,few clouds
425,Husavik,IS,66.0449,-17.3389,37.29,98,100,6.73,overcast clouds
426,Nizhniy Tsasuchey,RU,50.5167,115.1333,24.75,67,11,7.4,few clouds
427,Kaeo,NZ,-35.1,173.7833,64.33,85,75,6.98,broken clouds
428,Kidal,ML,18.4411,1.4078,83.98,12,11,10.78,few clouds
429,Poum,NC,-20.2333,164.0167,75.34,66,7,10.38,clear sky
430,Biak,ID,-0.9131,122.8766,76.77,84,72,1.86,broken clouds
431,Nogales,MX,31.3086,-110.9422,70.25,47,63,7.43,broken clouds
432,San Juan Del Sur,NI,11.2529,-85.8705,80.82,89,40,0.0,scattered clouds
433,Choa Saidan Shah,PK,32.7201,72.9849,69.8,29,0,1.21,clear sky
434,Karasjok,NO,69.4719,25.5112,40.23,88,100,5.3,light rain
435,Surgut,RU,61.25,73.4167,41.18,100,100,7.0,light rain
436,Otuzco,PE,-7.9,-78.5833,55.11,65,93,5.14,light rain
437,Bin Qirdan,TN,33.1378,11.2197,74.1,65,36,10.29,scattered clouds
438,Noginsk,RU,55.8665,38.4438,38.97,79,66,9.78,broken clouds
439,Ulaangom,MN,49.9811,92.0667,28.89,56,67,1.9,broken clouds
440,Batagay-Alyta,RU,67.8006,130.4114,14.31,81,100,5.64,overcast clouds
441,Keflavik,IS,64.0049,-22.5624,37.83,81,0,20.71,clear sky
442,Oum Hadjer,TD,13.2954,19.6966,87.22,21,7,7.7,clear sky
443,Novyy Urengoy,RU,66.0833,76.6333,36.63,89,100,4.76,overcast clouds
444,Belyy Yar,RU,53.6039,91.3903,19.29,100,92,2.24,overcast clouds
445,Sioux Lookout,CA,50.1001,-91.917,30.27,80,100,14.97,light shower snow
446,Bogo,PH,11.0517,124.0055,78.93,85,100,4.5,overcast clouds
447,Steamboat Springs,US,40.485,-106.8317,66.54,16,0,8.05,clear sky
448,Tokmak,UA,47.2514,35.7058,45.77,62,28,8.9,scattered clouds
449,La Ronge,CA,55.1001,-105.2842,35.85,55,100,8.05,overcast clouds
450,Albania,AL,41.0,20.0,61.12,53,6,3.62,clear sky
451,Kazerun,IR,29.6195,51.6541,72.03,34,0,2.53,clear sky
452,Ourossogui,SN,15.6064,-13.3211,82.4,89,0,2.3,clear sky
453,Tumbes,PE,-3.5667,-80.4414,75.15,73,40,4.61,scattered clouds
454,Rio Branco,BR,-9.9747,-67.81,79.41,89,75,4.61,broken clouds
455,Vardo,NO,70.3705,31.1107,40.98,93,75,12.66,broken clouds
456,Kodinsk,RU,58.6881,99.1844,26.37,86,43,3.89,scattered clouds
457,Gwanda,ZW,-20.9333,29.0,66.6,60,43,7.45,scattered clouds
458,Mossendjo,CG,-2.9506,12.7261,68.83,99,32,1.32,scattered clouds
459,Chulman,RU,56.8479,124.9104,16.38,96,100,5.91,overcast clouds
460,Kawasaki,JP,35.5206,139.7172,70.02,93,75,3.44,broken clouds
461,Bubaque,GW,11.2833,-15.8333,81.73,73,49,4.56,scattered clouds
462,Santa Barbara,US,34.7333,-120.0343,71.22,57,0,11.5,clear sky
463,Haines Junction,CA,60.7522,-137.5108,51.75,71,100,10.36,overcast clouds
464,Panjab,AF,34.388,67.0233,37.58,38,0,5.99,clear sky
465,Maniitsoq,GL,65.4167,-52.9,38.52,62,100,17.05,overcast clouds
466,Abalak,RU,58.1286,68.5944,39.22,93,100,7.29,light rain
467,Jinxiang,CN,27.4327,120.6062,67.62,85,100,14.34,overcast clouds
468,Rawah,IQ,34.4816,41.9093,79.32,18,38,6.89,scattered clouds
469,Matiri,TZ,-10.75,34.9,63.23,40,2,3.13,clear sky
470,Weligama,LK,5.9667,80.4167,75.88,87,99,3.49,light rain
471,Carutapera,BR,-1.195,-46.02,79.47,77,44,7.92,scattered clouds
472,Morro Bay,US,35.3658,-120.8499,78.39,69,6,8.99,clear sky
473,Vestby,NO,59.6024,10.7467,46.15,82,47,5.01,scattered clouds
474,Ochakiv,UA,46.6128,31.5498,51.58,62,0,11.54,clear sky
475,Priiskovyy,RU,51.9333,116.6333,25.32,56,6,2.13,clear sky
476,San Pedro De Macoris,DO,18.4616,-69.2972,86.13,78,59,6.2,broken clouds
477,Warman,CA,52.3168,-106.5679,44.51,39,40,8.05,scattered clouds
478,Ostrovnoy,RU,68.0531,39.5131,47.37,90,100,22.1,overcast clouds
479,Dunedin,NZ,-45.8742,170.5036,55.8,65,93,1.99,overcast clouds
480,Cidreira,BR,-30.1811,-50.2056,64.18,97,79,8.81,broken clouds
481,Surin,TH,14.8818,103.4936,71.98,81,37,7.23,scattered clouds
482,Richmond,US,37.5538,-77.4603,67.98,85,100,5.75,overcast clouds
483,Zyryanka,RU,65.75,150.85,-0.26,97,53,8.77,broken clouds
484,Henties Bay,NA,-22.116,14.2845,59.61,86,30,6.64,scattered clouds
485,Tabora,TZ,-5.0167,32.8,75.9,43,88,6.85,overcast clouds
486,Verkh-Usugli,RU,52.7,115.1667,20.93,63,11,2.86,few clouds
487,Nemuro,JP,43.3236,145.575,59.67,85,100,16.31,light rain
488,Puerto Ayacucho,VE,5.6639,-67.6236,76.46,92,100,6.98,light rain
489,Huangmei,CN,30.1924,116.025,61.14,59,7,6.89,clear sky
490,Neiafu,TO,-18.65,-173.9833,84.88,79,40,10.36,scattered clouds
491,Padang,ID,-0.9492,100.3543,76.12,87,100,2.75,light rain
492,Dandong,CN,40.1292,124.3947,37.62,53,0,5.97,clear sky
493,Maniwaki,CA,46.3834,-75.966,50.38,66,100,4.61,overcast clouds
494,Junagarh,IN,19.8667,82.9333,72.27,93,1,1.88,clear sky
495,Saint-Joseph,RE,-21.3667,55.6167,68.38,83,28,7.31,scattered clouds
496,Zhangye,CN,38.9342,100.4517,44.76,29,5,4.83,clear sky
497,Hay River,CA,60.8156,-115.7999,46.38,42,40,13.8,scattered clouds
498,Tabriz,IR,38.08,46.2919,62.06,29,40,9.22,scattered clouds
499,Alpena,US,45.0617,-83.4327,49.17,78,100,1.01,overcast clouds
500,Kristiansund,NO,63.1115,7.732,47.05,87,100,3.44,light intensity drizzle
501,Peleduy,RU,59.6289,112.7406,28.9,87,100,7.27,overcast clouds
502,Wasilla,US,61.5814,-149.4394,49.55,80,100,6.91,light rain
503,Touros,BR,-5.1989,-35.4608,77.65,79,6,17.94,clear sky
504,Durazno,UY,-33.4131,-56.5006,58.73,79,99,11.56,overcast clouds
505,Morropon,PE,-5.1822,-79.9689,85.71,39,65,11.61,broken clouds
506,Annamalainagar,IN,11.4,79.7333,77.85,87,71,6.22,broken clouds
507,Kulhudhuffushi,MV,6.6221,73.07,80.31,82,100,20.47,overcast clouds
508,Melfort,CA,52.8667,-104.6177,35.73,48,84,3.44,broken clouds
509,Dumai,ID,1.6833,101.45,73.04,99,100,2.44,light rain
510,Porto Novo,BJ,6.4965,2.6036,80.42,87,77,4.59,broken clouds
511,Ostersund,SE,63.1792,14.6357,36.05,100,100,4.0,fog
512,Rincon,US,32.296,-81.2354,77.95,75,6,2.42,clear sky
513,Gao,ML,16.6362,1.637,86.34,12,14,10.13,few clouds
514,Nalut,LY,30.3333,10.85,71.6,41,23,11.03,few clouds
515,Hirara,JP,24.8,125.2833,80.87,94,75,9.22,broken clouds
516,Komsomolskiy,UZ,40.4272,71.7189,57.92,33,93,2.3,overcast clouds
517,Veraval,IN,20.9,70.3667,78.64,48,81,11.25,broken clouds
518,Gravdal,NO,68.1214,13.5031,46.4,79,99,10.63,overcast clouds
519,Chauk,MM,20.8833,94.8167,76.68,93,100,4.63,overcast clouds
520,Hamada,JP,34.8833,132.0833,66.11,79,58,4.92,broken clouds
521,Lockhart,US,28.6194,-81.4426,85.93,66,0,11.5,clear sky
522,Motygino,RU,58.1831,94.7592,29.17,79,92,3.0,overcast clouds
523,Krasnoselkup,RU,65.7,82.4667,31.73,99,100,5.46,overcast clouds
524,Westport,US,41.1415,-73.3579,64.38,69,0,9.22,clear sky
525,Udachnyy,RU,66.4167,112.4,18.3,97,100,4.18,light snow
526,Bayan,CN,46.0833,127.4,34.36,72,38,7.83,scattered clouds
527,Harindanga,IN,22.0383,88.3214,75.22,79,9,5.99,clear sky
528,Valparaiso,CL,-33.0393,-71.6273,59.47,92,0,14.97,clear sky
529,Esmeralda,CU,21.8525,-78.1169,82.78,70,43,9.08,scattered clouds
530,Kupang,ID,-10.1667,123.5833,80.53,79,72,3.98,broken clouds
531,Tilichiki,RU,60.4667,166.1,16.92,86,35,6.31,scattered clouds
532,Karpogory,RU,64.0019,44.4451,43.47,90,96,8.19,overcast clouds
533,Nortelandia,BR,-14.4547,-56.8028,88.25,36,75,3.8,broken clouds
534,Kloulklubed,PW,7.0419,134.2556,82.9,71,98,15.12,overcast clouds
535,Gazanjyk,TM,39.2446,55.5154,66.83,41,19,7.56,few clouds
536,Banamba,ML,13.55,-7.45,81.84,49,45,6.93,scattered clouds
537,Gladstone,AU,-23.85,151.25,73.78,68,75,10.36,broken clouds
538,Mahenge,TZ,-8.6833,36.7167,60.48,84,12,3.67,few clouds
539,Mnogovershinnyy,RU,53.9353,139.9242,29.43,97,100,19.57,snow
540,Longford,IE,53.7333,-7.8,50.49,89,99,13.11,overcast clouds
541,Sonkovo,RU,57.7782,37.1571,44.58,75,100,16.37,overcast clouds
542,Svetlogorsk,BY,52.6333,29.7333,45.1,61,100,12.15,overcast clouds
543,Moose Factory,CA,51.2585,-80.6094,44.6,100,100,6.91,overcast clouds
544,Hartford,US,41.7668,-72.7662,61.0,76,0,0.0,clear sky
545,Tual,ID,-5.6667,132.75,83.35,78,99,9.1,overcast clouds
546,Oranjemund,NA,-28.55,16.4333,59.67,88,4,2.21,clear sky
547,Longhua,CN,23.6137,114.1919,74.37,36,99,5.64,overcast clouds
548,New Amsterdam,GY,6.25,-57.5167,78.12,83,100,5.01,overcast clouds
549,Russkaya Polyana,UA,49.417,31.9201,41.9,71,8,1.5,clear sky
550,Almeirim,BR,-1.5233,-52.5817,82.89,65,89,3.91,overcast clouds
551,Tateyama,JP,34.9833,139.8667,69.73,100,75,2.3,mist
552,Port Shepstone,ZA,-30.7414,30.455,67.69,85,100,18.92,overcast clouds
553,Maumere,ID,-8.6199,122.2111,81.52,72,100,1.83,moderate rain
554,Salalah,OM,17.0151,54.0924,77.09,73,0,3.44,clear sky
555,Khani,GE,41.9563,42.9566,49.57,80,99,4.97,overcast clouds
556,Hinton,CA,53.4001,-117.5857,71.49,27,5,3.74,clear sky
557,Mweka,CD,-4.85,21.5667,66.34,100,97,2.15,overcast clouds
558,Verkhovazhye,RU,60.7472,42.0465,44.67,86,100,10.71,overcast clouds
559,Nizwa,OM,22.9333,57.5333,74.32,28,98,2.53,overcast clouds
560,Formosa,AR,-26.1775,-58.1781,80.58,54,20,8.05,few clouds
561,Hangu,CN,39.2489,117.7892,46.44,24,0,10.07,clear sky
562,Zalantun,CN,48.0,122.7167,31.42,57,3,11.88,clear sky
563,Salisbury,GB,51.0693,-1.7957,62.69,92,100,16.11,overcast clouds
564,Kununurra,AU,-15.7667,128.7333,80.58,74,99,5.75,overcast clouds
565,Ganzhou,CN,28.8184,115.4327,62.91,54,3,9.01,clear sky
566,Magnolia,US,33.2671,-93.2393,71.29,73,100,0.83,overcast clouds
567,Calvinia,ZA,-31.4707,19.776,58.77,75,5,4.63,clear sky
568,Fortuna,US,40.5982,-124.1573,70.92,57,20,11.5,few clouds
569,Unguia,CO,8.0434,-77.0945,80.62,95,100,2.13,overcast clouds
570,Marrakesh,MA,31.6315,-8.0083,69.87,56,40,4.61,scattered clouds
571,Mwinilunga,ZM,-11.7358,24.4293,66.67,49,82,4.43,broken clouds
572,Pacific Grove,US,36.6177,-121.9166,69.48,71,100,6.91,overcast clouds
573,Ubauro,PK,28.1652,69.7289,74.84,20,0,2.93,clear sky
574,Rio De Janeiro,BR,-22.9028,-43.2075,76.96,70,0,13.8,clear sky
575,Jiaocheng,CN,24.6774,116.1389,70.52,55,100,5.08,overcast clouds
576,Tacoronte,ES,28.4769,-16.4102,66.4,93,20,8.05,few clouds
577,Kropotkin,RU,45.4375,40.5756,56.1,69,100,17.22,overcast clouds
578,Rhondda,GB,51.659,-3.4489,58.37,88,100,13.73,overcast clouds
579,Araouane,ML,18.9048,-3.5265,88.99,8,82,7.72,broken clouds
580,Santa Cruz,BO,-17.8,-63.1667,87.85,45,80,5.75,broken clouds
581,Bay Roberts,CA,47.5999,-53.2648,54.34,88,100,8.01,overcast clouds
582,Bac Lieu,VN,9.285,105.7244,74.93,92,93,6.15,overcast clouds
583,Oistins,BB,13.0667,-59.5333,80.69,83,20,8.05,few clouds
584,Talnakh,RU,69.4865,88.3972,29.21,94,100,8.1,overcast clouds
585,Cervo,ES,43.6702,-7.4101,57.96,89,99,2.91,light rain
586,Grand Forks,US,47.9417,-97.4337,39.13,41,20,19.57,few clouds
587,Hatillo,PR,18.4863,-66.8254,81.16,89,65,3.0,broken clouds
588,Jinchang,CN,38.4953,102.1739,43.68,32,8,1.54,clear sky
589,Avera,US,33.194,-82.5271,77.38,42,30,6.85,scattered clouds
590,Yulara,AU,-25.2406,130.9889,73.44,48,6,6.78,clear sky
591,Mukhen,RU,48.1,136.1,36.39,74,44,3.96,scattered clouds
592,Elko,US,41.0002,-115.5012,72.05,12,0,5.99,clear sky
593,Lazaro Cardenas,MX,17.9583,-102.2,84.49,73,95,6.85,overcast clouds
594,Berbera,SO,10.4396,45.0143,82.54,69,27,6.08,scattered clouds
595,Marienburg,PL,54.0359,19.0266,56.88,91,94,7.52,overcast clouds
596,Dunmore East,IE,52.1514,-6.9861,57.99,72,54,28.25,broken clouds
597,Pevek,RU,69.7008,170.3133,6.91,96,96,4.94,overcast clouds
598,Bowen,AU,-20.0167,148.2333,77.27,71,99,6.6,overcast clouds
599,Darhan,MN,49.4867,105.9228,26.37,56,2,7.0,clear sky
600,Hovd,MN,48.0056,91.6419,30.97,47,77,1.21,broken clouds
601,Vao,NC,-22.6667,167.4833,71.01,68,15,7.25,few clouds
602,Kotelnikovo,RU,47.6317,43.1461,42.46,59,30,9.71,scattered clouds
603,Kangaba,ML,11.9333,-8.4167,76.69,70,49,4.12,scattered clouds
604,Saint-Georges,GD,12.0564,-61.7485,79.84,80,7,7.83,clear sky
605,Bichena,ET,10.45,38.2,52.9,70,51,2.3,broken clouds
606,Deputatskiy,RU,69.3,139.9,13.08,94,100,4.83,overcast clouds
607,Ohara,JP,35.25,140.3833,71.73,90,100,6.82,overcast clouds
608,Lithakia,GR,37.7167,20.8333,52.97,63,5,10.36,clear sky
609,Naberera,TZ,-4.2,36.9333,60.33,84,11,7.63,few clouds
610,Wuwei,CN,37.9281,102.6414,43.36,34,0,1.97,clear sky
611,Kaura Namoda,NG,12.5898,6.5779,79.3,23,40,3.18,scattered clouds
612,Chitipa,MW,-9.7024,33.2697,65.1,48,38,7.72,scattered clouds
613,Luleburgaz,TR,41.4039,27.3592,53.46,75,0,8.5,clear sky
614,Los Llanos De Aridane,ES,28.6585,-17.9182,65.95,81,0,7.0,clear sky
615,Half Moon Bay,US,37.4636,-122.4286,72.88,69,100,9.22,overcast clouds
616,Lorengau,PG,-2.0226,147.2712,82.4,77,96,6.71,overcast clouds
617,Iralaya,HN,15.0,-83.2333,81.09,84,96,8.01,light rain
618,Nchelenge,ZM,-9.3451,28.734,75.85,66,75,12.75,broken clouds
619,Curuca,BR,-0.7289,-47.8481,79.02,79,97,6.55,overcast clouds
620,Teya,RU,60.3778,92.6267,31.75,74,100,3.2,overcast clouds
621,Tokur,RU,53.1333,132.9,22.14,92,85,5.17,overcast clouds
622,Sorong,ID,-0.8833,131.25,78.46,85,100,5.37,overcast clouds
623,Uribia,CO,11.7139,-72.266,85.89,66,90,10.56,overcast clouds
624,Hobe Sound,US,27.0595,-80.1364,82.99,68,40,10.36,scattered clouds
625,Flin Flon,CA,54.7682,-101.865,33.64,40,100,5.75,overcast clouds
626,Kahului,US,20.8947,-156.47,87.82,59,0,21.85,clear sky
627,Haicheng,CN,40.8516,122.7475,36.54,46,0,3.56,clear sky
628,Remontnoye,RU,46.5614,43.6501,46.6,49,99,13.15,overcast clouds
629,Loandjili,CG,-4.7561,11.8578,76.64,89,88,3.51,overcast clouds
630,Havelock,US,34.8791,-76.9013,75.18,74,0,6.91,clear sky
631,Sarangani,PH,5.4033,125.4636,82.94,77,100,9.6,overcast clouds
632,Port Hardy,CA,50.6996,-127.4199,73.58,40,0,5.75,clear sky
633,Angoche,MZ,-16.2325,39.9086,73.49,83,0,5.53,clear sky
634,Port Lincoln,AU,-34.7333,135.8667,58.42,77,70,17.49,broken clouds
635,Parati,BR,-23.2178,-44.7131,69.96,97,98,1.97,overcast clouds
636,Kayiry,UA,46.9454,33.7059,50.45,67,0,10.22,clear sky
637,Korem,ET,12.5058,39.5228,54.5,58,5,3.27,clear sky
638,Cairns,AU,-16.9167,145.7667,82.11,72,40,9.22,scattered clouds
639,Eureka,US,40.8021,-124.1637,71.19,69,3,8.46,clear sky
640,Ozernovskiy,RU,51.5,156.5167,45.0,61,100,15.39,overcast clouds
641,Megion,RU,61.0296,76.1136,35.62,94,100,2.66,overcast clouds
642,Tiarei,PF,-17.5333,-149.3333,84.22,73,1,16.11,clear sky
643,Inhambane,MZ,-23.865,35.3833,71.89,85,98,2.86,overcast clouds
644,Canto Do Buriti,BR,-8.11,-42.9444,84.24,27,0,5.55,clear sky
645,Sorkjosen,NO,69.8,20.9333,37.4,93,100,1.14,overcast clouds
646,Ridgecrest,US,35.6225,-117.6709,85.68,25,0,5.75,clear sky
647,Anakapalle,IN,17.6833,83.0167,78.75,93,13,3.76,few clouds
648,Alta Floresta,BR,-9.8756,-56.0861,76.91,70,88,2.21,overcast clouds
649,Plettenberg Bay,ZA,-34.0527,23.3716,65.59,86,100,4.63,overcast clouds
650,Xai-Xai,MZ,-25.0519,33.6442,70.72,89,95,6.87,overcast clouds
651,Waingapu,ID,-9.6567,120.2641,81.12,78,100,5.86,overcast clouds
652,Vanimo,PG,-2.6741,141.3028,77.9,91,100,3.74,overcast clouds
653,Panama City,PA,8.9936,-79.5197,83.44,86,40,3.44,scattered clouds
654,Larreynaga,NI,12.6769,-86.5719,81.55,90,99,4.23,overcast clouds
655,Tabatinga,BR,-4.2525,-69.9381,77.09,88,40,1.14,scattered clouds
656,Zhicheng,CN,30.2956,111.5047,63.03,47,10,6.24,clear sky
657,Sarkand,KZ,45.41,79.9186,55.53,30,92,3.91,overcast clouds
658,Bihar,RO,47.15,21.9167,50.11,94,5,8.05,clear sky
659,Mata Grande,BR,-9.1175,-37.7322,73.11,55,10,12.33,clear sky
660,Sandviken,SE,60.6167,16.7667,47.1,91,100,13.31,overcast clouds
661,Storforshei,NO,66.4043,14.5233,34.66,100,21,2.3,few clouds
662,Prainha,BR,-1.8,-53.48,86.05,55,83,5.26,broken clouds
663,Nizhniy Ingash,RU,56.2,96.53,30.65,71,30,3.13,scattered clouds
664,Semme,FR,46.1963,1.5007,64.81,70,98,11.92,overcast clouds
665,Revda,RU,56.801,59.9303,39.87,92,100,8.93,overcast clouds
666,Amahai,ID,-3.3333,128.9167,78.19,86,100,3.67,overcast clouds
667,Roma,US,43.2128,-75.4557,57.72,57,20,4.61,few clouds
668,Mporokoso,ZM,-9.3727,30.125,72.37,36,88,0.29,overcast clouds
669,Lac Du Bonnet,CA,50.2536,-96.0612,31.98,54,29,12.53,scattered clouds
670,Warmbad,NA,-28.45,18.7333,66.97,52,51,7.43,broken clouds
671,Arak,IR,34.0917,49.6892,59.23,24,11,1.5,few clouds
672,Porbandar,IN,21.6422,69.6093,79.61,42,100,6.87,overcast clouds
673,Puerto Del Rosario,ES,28.5004,-13.8627,71.35,83,20,4.61,few clouds
674,Taksimo,RU,56.3444,114.8794,17.89,84,30,3.18,scattered clouds
675,Pangody,RU,65.85,74.4859,37.9,92,100,5.14,overcast clouds
676,Basar,IN,27.9833,94.6667,58.84,74,2,2.75,clear sky
677,Lingao,CN,19.9103,109.6859,76.89,62,100,11.92,overcast clouds
678,San Jose Iturbide,MX,21.0,-100.3833,80.11,29,3,7.36,clear sky
679,Natal,BR,-5.795,-35.2094,77.65,83,20,13.8,few clouds
680,Coracora,PE,-15.0333,-73.7833,53.89,53,81,8.9,broken clouds
681,Atambua,ID,-9.1061,124.8925,76.08,80,49,2.93,scattered clouds
682,Soyo,AO,-6.1349,12.3689,76.86,85,93,7.45,overcast clouds
683,Gbarnga,LR,6.9956,-9.4722,71.33,99,100,1.95,overcast clouds
684,Kletskaya,RU,49.3145,43.0584,41.63,65,0,4.56,clear sky
685,Senanga,ZM,-16.1167,23.2667,71.33,22,14,6.22,few clouds
686,Phan Thiet,VN,10.9333,108.1,76.24,88,97,2.26,overcast clouds
687,Mogadishu,SO,2.0371,45.3438,77.68,86,67,9.57,broken clouds
688,Glenluce,GB,54.8798,-4.8084,53.06,77,100,28.52,overcast clouds
689,Saint-Francois,FR,46.4154,3.9054,67.44,64,0,9.22,clear sky
690,Albina,SR,5.5,-54.05,78.21,86,81,4.14,broken clouds
691,Bonthe,SL,7.5264,-12.505,76.77,87,99,6.24,overcast clouds
692,Vaitape,PF,-16.5167,-151.75,78.87,67,9,14.7,clear sky
